USE movie;

# MOVIE
INSERT INTO MOVIE VALUES(
	'1001', 'Lucy', '2014', '1700', 'English', '2014-04-14', 'USA');
INSERT INTO MOVIE VALUES(
	'1002', 'Logan', '2017', '1700', 'English', '2017-03-14', 'USA');
INSERT INTO MOVIE VALUES(
	1003, 'GOT', 2013, 1400, 'English', '2013-07-04', 'USA');
INSERT INTO MOVIE VALUES(
	1004, 'Parasite', 2019, 1200, 'Korean', '2019-06-12', 'KOR');
INSERT INTO MOVIE VALUES(
	'1005', 'Avengers', '2019', '0900', 'English', '2019-04-25', 'USA');
INSERT INTO MOVIE VALUES(
	'1006', 'Kingsman', '2015', '1600', 'English', '2015-02-14', 'USA');
INSERT INTO MOVIE VALUES(
	1007, 'American Beauty', 1999, 1400, 'English', '1999-09-08', 'USA');
INSERT INTO MOVIE VALUES(
	1008, 'Eyes Wide Shut', 1999, 1200, 'English', '1999-07-16', 'USA');
INSERT INTO MOVIE VALUES(
	1009, 'Legend of Kora', 2012, 1930, 'English', '2012-04-14', 'USA');
INSERT INTO MOVIE VALUES(
	1010, 'Better Than Chocolate', 1999, 1100, 'Latin', '1999-07-16', 'ITA');


-- #ACTOR
INSERT INTO ACTOR VALUES(
	11001, 'Morgan', 'Freeman', 'F');
INSERT INTO ACTOR VALUES(
	11002, 'Hugh', 'Jackman', 'M');
INSERT INTO ACTOR VALUES(
	11003, 'Peter', 'Dinklage', 'M');
INSERT INTO ACTOR VALUES(
	11004, 'Bong', 'Joon-ho', 'M');
INSERT INTO ACTOR VALUES(
	11005, 'Robert', 'Downey', 'M');
INSERT INTO ACTOR VALUES(
	11006, 'Harris', 'Dickinson', 'M');
INSERT INTO ACTOR VALUES(
	11007, 'Kevin', 'Spacey', 'M');
INSERT INTO ACTOR VALUES(
	11008, 'Tom', 'Cruise', 'M');
INSERT INTO ACTOR VALUES(
	11009, 'Janet', 'Varney', 'F');
INSERT INTO ACTOR VALUES(
	11010, 'Karyn', 'Dwyer', 'F');
    

# DIRECTOR
INSERT INTO DIRECTOR VALUES(
	10001, 'Luc', 'Besson');
INSERT INTO DIRECTOR VALUES(
	10002, 'James', 'Mangold');
INSERT INTO DIRECTOR VALUES(
	10003, 'David', 'Benioff');
INSERT INTO DIRECTOR VALUES(
	10004, 'Bong', 'Yok-cho');
INSERT INTO DIRECTOR VALUES(
	10005, 'Russo', 'Brothers');
INSERT INTO DIRECTOR VALUES(
	10006, 'Matthew', 'Vaughn');
INSERT INTO DIRECTOR VALUES(
	10007, 'Sam', 'Mendes');
INSERT INTO DIRECTOR VALUES(
	10008, 'Stanley', 'Kubrick');
INSERT INTO DIRECTOR VALUES(
	10009, 'Katie', 'Mattila');
INSERT INTO DIRECTOR VALUES(
	10010, 'Anne', 'Wheeler');

#GENRE
INSERT INTO GENRES VALUES(
	10210, 'sci-fi');
INSERT INTO GENRES VALUES(
	10211, 'sci-fi');
INSERT INTO GENRES VALUES(
	10212, 'Action');
INSERT INTO GENRES VALUES(
	10213, 'Drama');
INSERT INTO GENRES VALUES(
	10214, 'Action-Drama');
INSERT INTO GENRES VALUES(
	10200, 'Action');
INSERT INTO GENRES VALUES(
	10215, 'Comedy-Drama');
INSERT INTO GENRES VALUES(
	10217, 'Romance');
INSERT INTO GENRES VALUES(
	10219, 'Adventure');
INSERT INTO GENRES VALUES(
	10201, 'Romance');

#MOVIE_CAST
INSERT INTO MOVIE_CAST VALUES(
	11001, '1001', 'Lead Actor');
INSERT INTO MOVIE_CAST VALUES(
	11002, '1002', 'Hero');
INSERT INTO MOVIE_CAST VALUES(
	11003, '1003', 'Extra Crew');
INSERT INTO MOVIE_CAST VALUES(
	11004, '1004', 'Extra Crew');
INSERT INTO MOVIE_CAST VALUES(
	11005, '1005', 'Actor');
INSERT INTO MOVIE_CAST VALUES(
	11006, '1006', 'Actor');
INSERT INTO MOVIE_CAST VALUES(
	11007, '1007', 'Lead Actor');
INSERT INTO MOVIE_CAST VALUES(
	11008, '1008', 'Hero');
INSERT INTO MOVIE_CAST VALUES(
	11009, '1009', 'Hero');
INSERT INTO MOVIE_CAST VALUES(
	11010, '1010', 'Actor');


#MOVIE_DIRECTION
INSERT INTO MOVIE_DIRECTION VALUES(
	10001, '1001');
INSERT INTO MOVIE_DIRECTION VALUES(
	10002, '1002');
INSERT INTO MOVIE_DIRECTION VALUES(
	10003, '1003');
INSERT INTO MOVIE_DIRECTION VALUES(
	10004, '1004');
INSERT INTO MOVIE_DIRECTION VALUES(
	10005, '1005');
INSERT INTO MOVIE_DIRECTION VALUES(
	10006, '1006');
INSERT INTO MOVIE_DIRECTION VALUES(
	10007, '1007');
INSERT INTO MOVIE_DIRECTION VALUES(
	10008, '1008'); 
INSERT INTO MOVIE_DIRECTION VALUES(
	10009, '1009'); 
INSERT INTO MOVIE_DIRECTION VALUES(
	10010, '1010'); 


#MOVIE_GENRES
INSERT INTO MOVIE_GENRES VALUES(
	1001, '10210'); 
INSERT INTO MOVIE_GENRES VALUES(
	1002, '10211'); 
INSERT INTO MOVIE_GENRES VALUES(
	1003, '10212'); 
INSERT INTO MOVIE_GENRES VALUES(
	1004, '10213');
INSERT INTO MOVIE_GENRES VALUES(
	1005, '10214'); 
INSERT INTO MOVIE_GENRES VALUES(
	1006, '10200');
INSERT INTO MOVIE_GENRES VALUES(
	1007, '10215'); 
INSERT INTO MOVIE_GENRES VALUES(
	1008, '10217'); 
INSERT INTO MOVIE_GENRES VALUES(
	1009, '10219'); 
INSERT INTO MOVIE_GENRES VALUES(
	1010, '10201'); 


#REVIEWER
INSERT INTO REVIEWER VALUES(
	12100, 'Jeminat Muritala'); 
INSERT INTO REVIEWER VALUES(
	12101, 'Ovuefe Christian');
INSERT INTO REVIEWER VALUES(
	12102, 'Olalekan Dare');
INSERT INTO REVIEWER VALUES(
	12103, 'Ovuefe Christian');
INSERT INTO REVIEWER VALUES(
	12104, 'JAVA Fresho');
INSERT INTO REVIEWER VALUES(
	12105, 'Ovuefe Christian');

#RATINGS
INSERT INTO RATING VALUES(
	1001, 12100, 10, 18); 
INSERT INTO RATING VALUES(
	1002, 12101, 18, 18);
INSERT INTO RATING VALUES(
	1003, 12102, 4, 18);
INSERT INTO RATING VALUES(
	1004, 12103, 5, 'null');
INSERT INTO RATING VALUES(
	1005, 12104, 7, 15);
INSERT INTO RATING VALUES(
	1006, 12105, 5, 19);
INSERT INTO RATING VALUES(
	1007, 12100, 3, 'null'); 
INSERT INTO RATING VALUES(
	1008, 12101, 10, 18);
INSERT INTO RATING VALUES(
	1009, '12102', '7', 18);
INSERT INTO RATING VALUES(
	1010, 12103, 20, 18);
